trace,policy,frames,history_bits,aging_interval,accesses,page_faults,writebacks
bzip,fifo,4,,,1000000,128601,38644
bzip,fifo,8,,,1000000,47828,18797
bzip,fifo,16,,,1000000,3820,1335
bzip,fifo,32,,,1000000,2497,851
bzip,fifo,64,,,1000000,1467,514
bzip,fifo,128,,,1000000,891,305
bzip,fifo,256,,,1000000,511,125
bzip,opt,4,,,1000000,78562,31034
bzip,opt,8,,,1000000,18251,7581
bzip,opt,16,,,1000000,2427,845
bzip,opt,32,,,1000000,1330,459
bzip,opt,64,,,1000000,821,277
bzip,opt,128,,,1000000,497,129
bzip,opt,256,,,1000000,317,26
bzip,lru-approx,4,8,1000,1000000,121001,29644
bzip,lru-approx,8,8,1000,1000000,31766,11948
bzip,lru-approx,16,8,1000,1000000,4032,1365
bzip,lru-approx,32,8,1000,1000000,2194,711
bzip,lru-approx,64,8,1000,1000000,1274,430
bzip,lru-approx,128,8,1000,1000000,844,267
bzip,lru-approx,256,8,1000,1000000,392,57
bzip,lru-approx,4,2,1000,1000000,122855,30254
bzip,lru-approx,8,2,1000,1000000,33217,12871
bzip,lru-approx,16,2,1000,1000000,4030,1365
bzip,lru-approx,32,2,1000,1000000,2196,720
bzip,lru-approx,64,2,1000,1000000,1347,461
bzip,lru-approx,128,2,1000,1000000,863,285
bzip,lru-approx,256,2,1000,1000000,508,121
bzip,lru-approx,4,4,1000,1000000,121129,29731
bzip,lru-approx,8,4,1000,1000000,31923,12044
bzip,lru-approx,16,4,1000,1000000,4031,1369
bzip,lru-approx,32,4,1000,1000000,2197,711
bzip,lru-approx,64,4,1000,1000000,1290,441
bzip,lru-approx,128,4,1000,1000000,858,277
bzip,lru-approx,256,4,1000,1000000,507,122
bzip,lru-approx,4,16,1000,1000000,120968,29644
bzip,lru-approx,8,16,1000,1000000,31781,11939
bzip,lru-approx,16,16,1000,1000000,4030,1363
bzip,lru-approx,32,16,1000,1000000,2179,707
bzip,lru-approx,64,16,1000,1000000,1275,427
bzip,lru-approx,128,16,1000,1000000,839,262
bzip,lru-approx,256,16,1000,1000000,388,54
bzip,lru-approx,4,8,100,1000000,112197,30059
bzip,lru-approx,8,8,100,1000000,29205,11119
bzip,lru-approx,16,8,100,1000000,3430,1109
bzip,lru-approx,32,8,100,1000000,2257,747
bzip,lru-approx,64,8,100,1000000,1387,487
bzip,lru-approx,128,8,100,1000000,884,302
bzip,lru-approx,256,8,100,1000000,511,125
bzip,lru-approx,4,8,10000,1000000,127560,32592
bzip,lru-approx,8,8,10000,1000000,34215,12629
bzip,lru-approx,16,8,10000,1000000,5195,1726
bzip,lru-approx,32,8,10000,1000000,2409,777
bzip,lru-approx,64,8,10000,1000000,1401,481
bzip,lru-approx,128,8,10000,1000000,789,239
bzip,lru-approx,256,8,10000,1000000,466,91
